source_label,citizenship,note
"Iran, Islamische Republik",Iran,renamed in 2026h1
"Syrien, Arabische Republik",Syrien,renamed in 2026h1
"Venezuela, Bolivarische Republik",Venezuela,renamed in 2026h1
"Bolivien, Plurinationaler Staat",Bolivien,renamed in 2026h1
Vereinigte Staaten / USA,Vereinigte Staaten,renamed in 2026h1
"Moldau, Republik",Moldau,renamed in 2026h1
"Tansania, Vereinigte Republik",Tansania,renamed in 2026h1
"Korea, Demokr. Volksrepublik","Korea, Demokratische Volksrepublik",renamed in 2026h1
"Laos, Demokr. Volksrepublik",Laos,renamed in 2026h1
Ehemalige Sowjetunion,Sowjetunion – ehemaliger Staat,former state; successor state unknown
Ehemalige Tschechoslowakei,Tschechoslowakei – ehemaliger Staat,former state; successor state unknown
Ehemaliger Sudan,Sudan (einschließlich Südsudan) – ehemaliger Staat,former state; successor state unknown
Staatenlos,staatenlos,residual category
Ungeklärte Staatsangehörigkeit,ungeklärt,residual category
Ohne Angabe zur Staatsangehörigkeit,ohne Angabe (Staatsangehörigkeit),residual category
Palästinänsische Gebiete,Palästinensische Gebiete,source typo (2025h2)
Palästinensische Gebiete – keinem Staat zugeordnet,Palästinensische Gebiete,short form used in communities.yaml
