community_id,country
bangladeshi,BD
indian,IN
pakistani,PK
nepali,NP
sri_lankan,LK
afghan,AF
iranian,IR
turkish,TR
syrian,SY
lebanese,LB
palestinian,PS
iraqi,IQ
levant_gulf_yemen,JO
levant_gulf_yemen,SA
levant_gulf_yemen,AE
levant_gulf_yemen,YE
levant_gulf_yemen,KW
levant_gulf_yemen,QA
egyptian,EG
maghrebi,TN
maghrebi,MA
maghrebi,DZ
maghrebi,LY
central_asian,UZ
central_asian,TJ
central_asian,KZ
central_asian,KG
central_asian,TM
azerbaijani,AZ
caucasus_christian,AM
caucasus_christian,GE
east_slavic,RU
east_slavic,UA
east_slavic,BY
east_slavic,MD
polish,PL
balkan,RS
balkan,BA
balkan,HR
balkan,MK
balkan,AL
balkan,XK
balkan,BG
balkan,RO
greek,GR
greek,CY
italian,IT
iberian,ES
iberian,PT
latin_american,BR
latin_american,MX
latin_american,CO
latin_american,CL
latin_american,AR
latin_american,PE
latin_american,VE
latin_american,CU
anglo,US
anglo,GB
anglo,IE
anglo,CA
anglo,AU
french,FR
french,BE
german,DE
german,AT
german,CH
vietnamese,VN
chinese,CN
chinese,TW
chinese,HK
korean,KR
japanese,JP
thai,TH
malay_indonesian,ID
malay_indonesian,MY
malay_indonesian,PH
west_african,NG
west_african,GH
west_african,CM
west_african,GN
west_african,BJ
west_african,GM
west_african,SN
west_african,CI
west_african,TG
east_african,SO
east_african,ER
east_african,ET
east_african,KE
east_african,SD
jewish_israeli,IL
