tag,cuisine_id,cuisine_group
aegyptisch,north_african,african
aethiopisch,african,african
afghan,afghan,central_asian
afghani,afghan,central_asian
afghanisch,afghan,central_asian
african,african,african
afrikanisch,african,african
algerian,north_african,african
american,american,american
amerikanisch,american,american
arab,arabic,middle_eastern
arabic,arabic,middle_eastern
arabisch,arabic,middle_eastern
argentinian,latin_american,american
argentinisch,latin_american,american
asian,asian,east_asian
asiatisch,asian,east_asian
austrian,austrian,european
backwaren,bakery,other
baeckerei,bakery,other
bagel,sandwich,fast_food
bagels,sandwich,fast_food
bakery,bakery,other
balkan,eastern_european,european
bangla,bangladeshi,south_asian
bangladesch,bangladeshi,south_asian
bangladeschisch,bangladeshi,south_asian
bangladeshi,bangladeshi,south_asian
banh mi,vietnamese,east_asian
bar,drinks,other
barbecue,american,american
bavarian,german,european
bayerisch,german,european
bbq,american,american
bengali,bangladeshi,south_asian
bibimbap,korean,east_asian
bistro,french,european
bosnian,eastern_european,european
bowl,healthy,other
bowls,healthy,other
brasilianisch,latin_american,american
brasserie,french,european
brazilian,latin_american,american
breakfast,breakfast,other
broiler,chicken,fast_food
brunch,breakfast,other
bubble tea,drinks,other
burger,american,american
burgers,american,american
burrito,mexican,american
cafe,cafe,other
cake,dessert,other
cantonese,chinese,east_asian
central asian,uzbek,central_asian
ceylon,sri_lankan,south_asian
chicken,chicken,fast_food
chinese,chinese,east_asian
chinesisch,chinese,east_asian
coffee,cafe,other
colombian,latin_american,american
convenience,grocery,other
crepes,dessert,other
croatian,eastern_european,european
curry,indian,south_asian
currywurst,german,european
dessert,dessert,other
desserts,dessert,other
deutsch,german,european
dhaka,bangladeshi,south_asian
dim sum,chinese,east_asian
doener,turkish,turkish
doner,turkish,turkish
drinks,drinks,other
eastern european,eastern_european,european
egyptian,north_african,african
eis,dessert,other
eritrean,african,african
eritreisch,african,african
ethiopian,african,african
europaeisch,european,european
european,european,european
falafel,middle_eastern,middle_eastern
fast food,fast_food,fast_food
fastfood,fast_food,fast_food
filipino,indonesian,east_asian
franzoesisch,french,european
french,french,european
fried chicken,chicken,fast_food
fruehstueck,breakfast,other
gelato,dessert,other
georgian,eastern_european,european
georgisch,eastern_european,european
german,german,european
gesund,healthy,other
getraenke,drinks,other
ghanaian,african,african
greek,greek,mediterranean
griechisch,greek,mediterranean
grillhaehnchen,chicken,fast_food
grocery,grocery,other
gyros,greek,mediterranean
haehnchen,chicken,fast_food
healthy,healthy,other
himalaya,nepali,south_asian
himalayan,nepali,south_asian
hot dog,american,american
hummus,middle_eastern,middle_eastern
ice cream,dessert,other
imbiss,fast_food,fast_food
indian,indian,south_asian
indisch,indian,south_asian
indische,indian,south_asian
indonesian,indonesian,east_asian
indonesisch,indonesian,east_asian
international,european,european
iranian,persian,middle_eastern
iranisch,persian,middle_eastern
israeli,israeli,middle_eastern
israelisch,israeli,middle_eastern
italian,italian,mediterranean
italienisch,italian,mediterranean
izakaya,japanese,east_asian
japanese,japanese,east_asian
japanisch,japanese,east_asian
jemenitisch,arabic,middle_eastern
juice,drinks,other
kabsa,arabic,middle_eastern
kaffee,cafe,other
kebab,turkish,turkish
kebap,turkish,turkish
kiosk,grocery,other
konditorei,bakery,other
korean,korean,east_asian
koreanisch,korean,east_asian
kuchen,dessert,other
kurdisch,kurdish,turkish
kurdish,kurdish,turkish
lahmacun,turkish,turkish
latin american,latin_american,american
lebanese,lebanese,middle_eastern
lebensmittel,grocery,other
levantine,lebanese,middle_eastern
libanesisch,lebanese,middle_eastern
malaysian,indonesian,east_asian
malaysisch,indonesian,east_asian
mandi,arabic,middle_eastern
marokkanisch,north_african,african
mediterran,mediterranean,mediterranean
mediterranean,mediterranean,mediterranean
mexican,mexican,american
mexikanisch,mexican,american
middle eastern,middle_eastern,middle_eastern
moroccan,north_african,african
nepalese,nepali,south_asian
nepalesisch,nepali,south_asian
nepali,nepali,south_asian
nigerian,african,african
noodles,asian,east_asian
north african,north_african,african
north indian,indian,south_asian
nudeln,asian,east_asian
oesterreichisch,austrian,european
oriental,middle_eastern,middle_eastern
orientalisch,middle_eastern,middle_eastern
osteria,italian,mediterranean
pakistani,pakistani,south_asian
pakistanisch,pakistani,south_asian
palaestinensisch,palestinian,middle_eastern
palestinian,palestinian,middle_eastern
pan asian,asian,east_asian
pasta,italian,mediterranean
pastry,bakery,other
persian,persian,middle_eastern
persisch,persian,middle_eastern
peruanisch,latin_american,american
peruvian,latin_american,american
pho,vietnamese,east_asian
pide,turkish,turkish
pizza,pizza,mediterranean
pizzeria,pizza,mediterranean
plov,uzbek,central_asian
poke,sushi,east_asian
polish,eastern_european,european
polnisch,eastern_european,european
portugiesisch,portuguese,mediterranean
portuguese,portuguese,mediterranean
punjabi,indian,south_asian
ramen,japanese,east_asian
regional,german,european
russian,eastern_european,european
russisch,eastern_european,european
salad,healthy,other
salads,healthy,other
salat,healthy,other
sandwich,sandwich,fast_food
sandwiches,sandwich,fast_food
saudi,arabic,middle_eastern
schnitzel,german,european
senegalese,african,african
serbian,eastern_european,european
shawarma,middle_eastern,middle_eastern
sichuan,chinese,east_asian
smoothies,drinks,other
snack,fast_food,fast_food
snacks,fast_food,fast_food
south indian,indian,south_asian
souvlaki,greek,mediterranean
spaeti,grocery,other
spanisch,spanish,mediterranean
spanish,spanish,mediterranean
sri lanka,sri_lankan,south_asian
sri lankan,sri_lankan,south_asian
srilankisch,sri_lankan,south_asian
subs,sandwich,fast_food
suesses,dessert,other
supermarket,grocery,other
supermarkt,grocery,other
sushi,sushi,east_asian
sweets,dessert,other
syrian,syrian,middle_eastern
syrisch,syrian,middle_eastern
tacos,mexican,american
tandoori,indian,south_asian
tapas,spanish,mediterranean
tex-mex,mexican,american
thai,thai,east_asian
thailaendisch,thai,east_asian
tibetan,nepali,south_asian
tibetisch,nepali,south_asian
trattoria,italian,mediterranean
tuerkisch,turkish,turkish
tunesisch,north_african,african
tunisian,north_african,african
turkish,turkish,turkish
ukrainian,eastern_european,european
ukrainisch,eastern_european,european
usbekisch,uzbek,central_asian
uzbek,uzbek,central_asian
vegan,healthy,other
vegetarian,healthy,other
vegetarisch,healthy,other
venezuelan,latin_american,american
vietnamese,vietnamese,east_asian
vietnamesisch,vietnamese,east_asian
waffles,dessert,other
wings,american,american
wok,asian,east_asian
wraps,sandwich,fast_food
yemeni,arabic,middle_eastern
